<?xml version='1.0' encoding='UTF-8'?>
<cities>
	<city name="Coyaima"/>
	<city name="Kuala Lumpur"/>
	<city name="Renshan"/>
	<city name="Cesson-Sevigne"/>
	<city name="Caringin Lor"/>
	<city name="Huangchen"/>
	<city name="Bethune"/>
	<city name="Mszana Dolna"/>
	<city name="Kongoussi"/>
	<city name="Isaka"/>
	<city name="Bayangol"/>
	<city name="Partenit"/>
	<city name="Lourido"/>
	<city name="Little Rock"/>
	<city name="Ystad"/>
	<city name="Soloneshnoye"/>
	<city name="Jurish"/>
	<city name="Lantian"/>
	<city name="San Francisco"/>
	<city name="Cidolog"/>
	<city name="Pongkor"/>
	<city name="Oslo"/>
	<city name="Musawa"/>
</cities>